time,lat,lon,elevation,accuracy,bearing,speed,satellites,provider,hdop,vdop,pdop,geoidheight,ageofdgpsdata,dgpsid,activity,battery,annotation
2019-12-02T00:45:10.730Z,36.36626551510834,127.36111209789317,49.72360412310809,25.0,69.61912,0.51758206,17,gps,0.8,1.2,1.5,,,,,37,
2019-12-02T00:45:11.730Z,36.36629552446362,127.36109272057575,61.61402662843466,20.0,16.725758,0.3281922,21,gps,0.8,1.2,1.5,,,,,37,
2019-12-02T00:45:12.730Z,36.366295700178526,127.36108788455475,62.6040876340121,20.0,12.713964,0.29600823,22,gps,0.8,1.1,1.4,,,,,37,
2019-12-02T00:45:14.000Z,36.36630551111734,127.36109697364125,61.108909701928496,20.0,46.86375,0.6675446,23,gps,,,,,,,,37,
2019-12-02T00:45:15.000Z,36.36631368138289,127.36111632415584,64.18744216579944,17.0,147.3654,0.3196059,23,gps,0.8,1.2,1.4,,,,,37,
2019-12-02T00:45:16.000Z,36.36630157672943,127.36110702855474,68.79629817139357,20.0,177.26086,0.45753047,24,gps,0.8,1.2,1.4,,,,,37,
2019-12-02T00:45:17.000Z,36.3662886645778,127.36111535673862,68.79629817139357,20.0,177.26086,0.32027134,24,gps,0.8,1.2,1.4,,,,,37,
2019-12-02T00:45:18.000Z,36.36626870018079,127.36113171561617,68.79629817139357,4.0,177.26086,0.22418994,24,gps,0.8,1.2,1.4,,,,,37,
2019-12-02T00:45:19.000Z,36.36626870018079,127.36113171561617,68.79629817139357,4.0,177.26086,0.15693295,24,gps,0.8,1.2,1.5,,,,,37,
2019-12-02T00:45:20.000Z,36.36626187222509,127.36113434061876,68.79629817139357,20.0,177.26086,0.10985307,23,gps,0.8,1.2,1.4,,,,,37,
2019-12-02T00:45:21.000Z,36.366255042384175,127.36113560884475,68.79629817139357,4.0,177.26086,0.076897144,23,gps,0.8,1.1,1.4,,,,,37,
2019-12-02T00:45:22.000Z,36.36625169019711,127.36113445494532,68.79629817139357,4.0,177.26086,0.053828005,23,gps,0.8,1.1,1.4,,,,,37,
2019-12-02T00:45:23.000Z,36.36625169019711,127.36113445494532,68.79629817139357,4.0,177.26086,0.0376796,23,gps,0.8,1.2,1.4,,,,,37,
2019-12-02T00:45:24.000Z,36.36625419191351,127.36113043129643,68.79629817139357,20.0,177.26086,0.026375722,23,gps,0.7,1.1,1.3,,,,,37,
2019-12-02T00:45:25.000Z,36.3662583439903,127.36112727206309,68.79629817139357,20.0,177.26086,0.018463004,23,gps,0.7,1.1,1.3,,,,,37,
2019-12-02T00:45:26.000Z,36.366264315455155,127.36112396740512,68.79629817139357,20.0,177.26086,0.012924103,24,gps,0.8,1.2,1.4,,,,,37,
2019-12-02T00:45:27.000Z,36.366264315455155,127.36112396740512,68.79629817139357,4.0,177.26086,0.009046872,23,gps,0.8,1.1,1.4,,,,,37,
2019-12-02T00:45:28.000Z,36.36626269814232,127.36112261019449,68.79629817139357,19.0,177.26086,0.0063328105,23,gps,0.8,1.1,1.4,,,,,37,
2019-12-02T01:16:05.592Z,36.36624820728368,127.36127966307542,81.22691947035491,48.0,353.742,0.5635852,7,gps,1.1,2.2,2.5,,,,,26,
2019-12-02T01:16:06.592Z,36.366041305961446,127.36124000771818,6.812465394847095,20.0,173.9613,0.3386271,8,gps,,,,,,,,26,
2019-12-02T01:16:07.592Z,36.366121347733404,127.36130171082777,30.76935240998864,20.0,167.94943,0.70799243,13,gps,1.3,2.2,2.6,,,,,26,
2019-12-02T01:16:09.000Z,36.36613339707441,127.36128288472446,27.056535448879004,20.0,15.123053,0.31217033,16,gps,1.3,1.9,2.3,,,,,26,
2019-12-02T01:16:10.000Z,36.36605951168251,127.36131579018213,37.26974537689239,20.0,356.0019,0.6161955,17,gps,1.3,1.9,2.3,,,,,26,
2019-12-02T01:16:11.000Z,36.36600007723619,127.36143442788703,56.55579193215817,20.0,106.75232,0.29914042,18,gps,1.1,1.9,2.2,,,,,26,
2019-12-02T01:16:12.000Z,36.366038608555215,127.36141678225005,57.86948659516389,4.0,106.39734,0.619086,19,gps,0.9,1.5,1.7,,,,,26,
2019-12-02T01:16:13.000Z,36.36604009520451,127.36141414188904,64.47729134343994,4.0,100.83859,0.7993823,19,gps,0.8,1.4,1.7,,,,,26,
2019-12-02T01:16:14.000Z,36.366042997272984,127.36139403415574,65.65182876722736,20.0,109.881134,0.882797,19,gps,0.8,1.4,1.6,,,,,26,
2019-12-02T01:16:15.000Z,36.36606924656912,127.36138658733925,65.76006904180213,20.0,113.105286,0.8003023,19,gps,0.9,1.4,1.7,,,,,26,
2019-12-02T01:16:16.000Z,36.36606924656912,127.36138658733925,64.72465705750555,4.0,117.65733,0.7440617,19,gps,0.8,1.4,1.6,,,,,26,
2019-12-02T01:16:17.000Z,36.36606924656912,127.36138658733925,63.74250709308788,4.0,108.85043,0.9234782,20,gps,0.9,1.4,1.6,,,,,26,
2019-12-02T01:20:48.799Z,36.36663699988192,127.36281599958649,0.0,66.0,,0.0,21,gps,0.0,0.0,0.0,,,,,23,
2019-12-02T01:20:50.799Z,36.36651334386462,127.36284782017134,67.68124082777649,4.0,292.2588,0.9215846,25,gps,0.8,1.0,1.3,,,,,23,
2019-12-02T01:20:53.692Z,36.366499258417015,127.36289220189457,60.70093685667962,4.0,306.92212,0.7966528,25,gps,,,,,,,,23,
2019-12-02T01:20:54.692Z,36.36650808989352,127.36285453318136,61.04905070178211,4.0,294.0691,0.99099,25,gps,0.7,1.0,1.3,,,,,23,
2019-12-02T01:20:55.692Z,36.3665283584961,127.36284295206379,56.98899804055691,14.0,301.39523,1.1223357,25,gps,0.7,1.0,1.2,,,,,23,
2019-12-02T01:20:57.000Z,36.36653634821404,127.36285413616474,55.046577642671764,13.0,284.0419,0.7778539,25,gps,0.7,1.0,1.2,,,,,23,
2019-12-02T01:20:58.000Z,36.366549528361546,127.36284646043971,51.81630226876587,12.0,278.0167,0.9474412,25,gps,0.7,1.0,1.2,,,,,23,
2019-12-02T01:20:59.000Z,36.366521766838716,127.36279278820646,51.00428836978972,20.0,287.84195,1.0845675,25,gps,0.7,1.2,1.4,,,,,23,
2019-12-02T01:21:00.000Z,36.366515350290236,127.3627767732037,65.7146908093481,20.0,274.9929,1.280469,25,gps,0.7,1.2,1.4,,,,,23,
2019-12-02T01:21:01.000Z,36.36652625597771,127.36275863828696,65.9988296291725,20.0,282.3149,1.2768031,25,gps,0.7,1.2,1.4,,,,,23,
2019-12-02T01:21:02.000Z,36.36652757167096,127.36275129725378,65.31138922598223,20.0,287.26395,1.2949952,25,gps,0.7,1.2,1.4,,,,,23,
2019-12-02T01:21:03.000Z,36.36653853360092,127.36274119462503,65.82960711527123,20.0,291.93442,1.3506737,25,gps,0.7,1.2,1.4,,,,,23,
2019-12-02T01:21:04.000Z,36.36653951224809,127.36272944492121,66.55153570711566,20.0,290.87656,1.3819016,25,gps,0.7,1.2,1.4,,,,,23,
2019-12-02T01:21:05.000Z,36.36654692784211,127.36271576105032,66.81730603562075,20.0,290.36206,1.4041492,27,gps,0.7,1.2,1.4,,,,,23,
2019-12-02T01:21:06.000Z,36.366558979834274,127.36269839343355,66.91052622905258,20.0,293.38483,1.4359257,27,gps,0.7,1.2,1.4,,,,,23,
2019-12-02T01:21:07.000Z,36.36656689931495,127.36267904564264,67.56380870488353,20.0,293.91534,1.2469747,27,gps,0.7,1.2,1.4,,,,,23,
2019-12-02T01:21:08.000Z,36.36657287045568,127.36266452059253,67.89563764655834,20.0,294.13824,1.1005479,28,gps,0.7,1.2,1.4,,,,,23,
2019-12-02T01:21:09.000Z,36.366569591193844,127.3626510946626,67.7661493063671,20.0,290.0061,1.2022545,29,gps,0.7,1.2,1.4,,,,,23,
2019-12-02T01:21:10.000Z,36.366563334733364,127.36264016222171,67.91730995861626,19.0,287.37024,1.1064254,29,gps,0.7,1.2,1.3,,,,,23,
2019-12-02T01:21:11.000Z,36.3665627944958,127.36262825883118,68.41474625959168,17.0,303.64474,1.1754352,30,gps,0.7,1.2,1.3,,,,,23,
2019-12-02T01:21:12.000Z,36.3665670080163,127.36261217804669,68.91938552796842,16.0,299.85965,1.276664,30,gps,0.7,1.2,1.4,,,,,23,
2019-12-02T01:21:13.000Z,36.366569059786904,127.36259860176793,69.17127299798369,15.0,295.0458,1.220759,30,gps,0.7,1.2,1.3,,,,,23,
2019-12-02T01:21:14.000Z,36.366571306926446,127.36258433599009,69.62453131469466,14.0,294.7464,1.3126945,30,gps,0.7,1.2,1.3,,,,,23,
2019-12-02T01:21:15.000Z,36.366575180126404,127.36257027008975,69.99882161228065,13.0,297.72583,1.1605949,30,gps,0.7,1.2,1.3,,,,,23,
2019-12-02T01:21:16.000Z,36.366577641922476,127.36255627439087,70.43578268407961,12.0,291.4411,1.1127698,30,gps,0.7,1.2,1.3,,,,,23,
2019-12-02T01:21:17.000Z,36.36658256121949,127.36254660793115,70.92035776520693,11.0,281.8434,1.0360842,30,gps,0.7,1.2,1.3,,,,,23,
2019-12-02T01:21:18.000Z,36.36658611494555,127.36252964208859,71.3133412585216,10.0,275.5299,1.1191243,30,gps,0.7,1.2,1.3,,,,,23,
2019-12-02T01:21:19.000Z,36.366587454832,127.36251845266086,71.70836688321737,9.0,274.69754,1.1349602,30,gps,0.7,1.2,1.3,,,,,23,
2019-12-02T01:21:20.000Z,36.36658908087088,127.36250678953132,71.87282206404588,8.0,283.37347,0.9386245,30,gps,0.7,1.2,1.3,,,,,23,
2019-12-02T01:21:21.000Z,36.366589892847976,127.36249481302696,71.8866769378481,8.0,281.66257,0.8717253,30,gps,0.7,1.2,1.3,,,,,23,
2019-12-02T01:21:22.000Z,36.366590407032305,127.36248399335085,71.7479155602581,7.0,297.3146,1.1354288,30,gps,0.7,1.2,1.3,,,,,23,
2019-12-02T01:21:23.000Z,36.366591726258335,127.36246909379935,71.90302344907363,6.0,309.31628,1.2506721,30,gps,0.7,1.2,1.3,,,,,23,
2019-12-02T01:21:24.000Z,36.366591357594054,127.36245656461982,71.97159146161694,6.0,310.03616,1.2138268,29,gps,0.7,1.2,1.3,,,,,23,
2019-12-02T01:21:25.000Z,36.366592657172156,127.36244177111047,71.8688533195132,5.0,301.22467,1.2799723,29,gps,0.7,1.2,1.3,,,,,23,
2019-12-02T01:21:26.000Z,36.36659691788756,127.36242788647746,71.75182247282503,5.0,299.479,1.2305522,29,gps,0.7,1.2,1.3,,,,,23,
2019-12-02T01:21:27.000Z,36.36660274043929,127.36241581082948,71.33720150341448,4.0,304.392,1.2114922,29,gps,0.7,1.2,1.3,,,,,23,
2019-12-02T01:21:28.000Z,36.36660946606762,127.36240540897852,70.8122429417004,4.0,302.61966,1.201891,29,gps,0.7,1.2,1.4,,,,,23,
2019-12-02T01:21:29.000Z,36.36661585010512,127.36239479669997,70.15752946851585,4.0,303.4883,1.2635704,29,gps,0.7,1.2,1.4,,,,,23,
2019-12-02T01:21:30.000Z,36.36662150048223,127.36238180939982,69.3952191619793,4.0,281.355,1.2960393,29,gps,0.7,1.2,1.4,,,,,23,
2019-12-02T01:21:31.000Z,36.36662646143313,127.36237078075723,68.63382337669114,4.0,293.83398,1.2814476,29,gps,0.7,1.2,1.4,,,,,23,
2019-12-02T01:21:32.000Z,36.366633064996364,127.36235608093143,67.79902073767782,4.0,300.38544,1.421475,29,gps,0.7,1.2,1.4,,,,,23,
2019-12-02T01:21:33.000Z,36.36664296755827,127.3623415094985,67.17559980447844,4.0,301.40826,1.368819,29,gps,0.7,1.2,1.4,,,,,23,
2019-12-02T01:21:34.000Z,36.36665185731754,127.36232874263821,66.80549974930906,4.0,297.77682,1.3034493,29,gps,0.8,1.3,1.5,,,,,23,
2019-12-02T01:21:35.000Z,36.36666207493161,127.36231724093514,66.39499295168318,4.0,295.67368,1.0939634,28,gps,0.7,1.3,1.5,,,,,23,
2019-12-02T01:21:36.000Z,36.366669397497596,127.36230791304747,66.34744381076541,4.0,286.56998,1.0182801,28,gps,0.7,1.2,1.4,,,,,23,
2019-12-02T01:21:37.000Z,36.366675027638706,127.36229717700591,66.32600480842909,4.0,280.041,1.211397,28,gps,0.7,1.2,1.4,,,,,23,
2019-12-02T01:21:38.000Z,36.366679579730054,127.36228545822364,66.38055518365418,4.0,278.2145,1.2390014,28,gps,0.7,1.2,1.4,,,,,23,
2019-12-02T01:21:39.000Z,36.36668113489318,127.36227387181466,66.33538976177857,4.0,280.68457,1.1031483,28,gps,0.8,1.3,1.5,,,,,23,
2019-12-02T01:21:40.000Z,36.3666839549151,127.3622611891507,66.20074351311975,4.0,291.4259,1.1749313,28,gps,0.9,1.3,1.6,,,,,23,
2019-12-02T01:21:41.000Z,36.36668914992565,127.36224338591607,66.09244219382987,4.0,297.68457,1.3067771,28,gps,0.9,1.3,1.6,,,,,23,
2019-12-02T01:21:42.000Z,36.36669278899239,127.3622243134055,66.15526371906016,4.0,296.2673,1.2439674,27,gps,0.9,1.3,1.6,,,,,23,
2019-12-02T01:21:43.000Z,36.366694074492784,127.36220543733137,66.40468237637168,4.0,296.86612,1.240225,29,gps,1.0,1.5,1.8,,,,,23,
2019-12-02T01:21:44.000Z,36.36669481291492,127.36218741701674,66.5437451735092,4.0,286.151,1.1839546,29,gps,1.0,1.5,1.8,,,,,23,
2019-12-02T01:21:45.000Z,36.36669444003189,127.3621695379806,66.73503245146712,4.0,285.4099,1.1517825,29,gps,1.0,1.5,1.8,,,,,23,
2019-12-02T01:21:46.000Z,36.36669691881731,127.36215431722509,66.61372013321413,4.0,285.58124,1.2119746,29,gps,1.0,1.5,1.8,,,,,23,
2019-12-02T01:21:47.000Z,36.366695649335675,127.36213689731714,66.83238027934689,4.0,284.71124,1.1029412,29,gps,1.0,1.5,1.8,,,,,23,
2019-12-02T01:21:48.000Z,36.3666934149091,127.36212050665206,67.23474862356201,4.0,285.1198,1.0864708,29,gps,1.0,1.5,1.8,,,,,23,
2019-12-02T01:21:49.000Z,36.366696192191405,127.36210791716323,67.04812943410494,4.0,286.48462,1.1503417,29,gps,0.9,1.4,1.7,,,,,23,
2019-12-02T01:21:50.000Z,36.3666983442816,127.36209578027167,67.22118899394945,4.0,286.71997,1.1741476,28,gps,0.9,1.4,1.7,,,,,23,
2019-12-02T01:21:51.000Z,36.366701128485275,127.36208318902716,67.24711935086667,4.0,287.45325,1.1905869,27,gps,0.9,1.4,1.7,,,,,23,
2019-12-02T01:21:52.000Z,36.366702918510285,127.36206975299048,67.32534896905462,4.0,279.0954,1.1756792,27,gps,0.9,1.3,1.6,,,,,23,
2019-12-02T01:21:53.000Z,36.36670383584755,127.36205380001711,67.68475644795463,4.0,258.80426,1.0727923,27,gps,0.9,1.3,1.6,,,,,22,
2019-12-02T01:21:54.000Z,36.366704798165266,127.36203556988876,68.13995284931256,4.0,249.30692,0.9236284,27,gps,0.9,1.3,1.6,,,,,22,
2019-12-02T01:21:55.000Z,36.36670564798568,127.36201713606972,68.6882414116768,4.0,250.1175,0.9332697,27,gps,0.9,1.4,1.6,,,,,22,
2019-12-02T01:21:56.000Z,36.36670331232565,127.36200283853091,69.12639081789807,4.0,247.84677,0.95639974,29,gps,0.9,1.3,1.6,,,,,22,
2019-12-02T01:21:57.000Z,36.36670088074751,127.36198813141215,69.53333669913877,4.0,235.61159,0.9902599,30,gps,0.8,1.2,1.5,,,,,22,
2019-12-02T01:21:58.000Z,36.36669331047017,127.36198056598052,69.73711508705134,4.0,219.39803,1.093193,30,gps,0.8,1.2,1.5,,,,,22,
2019-12-02T01:21:59.000Z,36.36668273587037,127.36197338336983,70.34041271331327,4.0,209.96268,0.8218298,30,gps,0.8,1.2,1.5,,,,,22,
2019-12-02T01:22:00.000Z,36.36667396693786,127.3619695714124,70.8072727650528,4.0,189.96129,0.77498966,30,gps,0.7,1.2,1.4,,,,,22,
2019-12-02T01:22:01.000Z,36.36666078000117,127.36196643416825,70.76864575252782,4.0,174.70836,1.1084591,30,gps,0.7,1.2,1.4,,,,,22,
2019-12-02T01:22:02.000Z,36.366647486405306,127.36196483409788,70.83756571160086,4.0,185.05437,1.0517074,30,gps,0.8,1.2,1.4,,,,,22,
2019-12-02T01:22:03.000Z,36.3666314901096,127.36195818754713,71.24356120958063,4.0,186.1179,1.0061522,29,gps,0.8,1.3,1.5,,,,,22,
2019-12-02T01:22:04.000Z,36.36661400945306,127.36195063743705,71.58288678673287,4.0,188.60164,1.0442213,28,gps,0.8,1.3,1.5,,,,,22,
2019-12-02T01:22:05.000Z,36.36659721186155,127.36194632884028,71.7224005455415,4.0,192.43843,1.0430057,27,gps,0.9,1.4,1.6,,,,,22,
2019-12-02T01:22:06.000Z,36.36657933508633,127.36194515094076,72.07604149771456,4.0,183.51295,1.0196568,27,gps,0.9,1.4,1.6,,,,,22,
2019-12-02T01:22:07.000Z,36.36656595440515,127.36194476921379,72.05959499470084,4.0,176.86353,1.0748236,26,gps,0.8,1.2,1.4,,,,,22,
2019-12-02T01:22:08.000Z,36.36655097813019,127.36194054819528,72.2791535298671,4.0,179.27715,1.0464875,26,gps,0.8,1.2,1.5,,,,,22,
2019-12-02T01:22:09.000Z,36.36653391815473,127.36194102421143,72.05550412388013,4.0,173.00009,1.1132394,27,gps,0.8,1.2,1.4,,,,,22,
2019-12-02T01:22:10.000Z,36.366516302953194,127.36194028537794,71.66695853576906,4.0,173.85075,1.2071686,27,gps,0.8,1.3,1.6,,,,,22,
2019-12-02T01:22:11.000Z,36.366497816252455,127.36194236786928,71.68440881624092,4.0,173.15956,1.1765101,27,gps,0.8,1.3,1.5,,,,,22,
2019-12-02T01:22:12.000Z,36.366481216193066,127.36194818600549,71.58726959187203,4.0,170.46527,1.017179,27,gps,0.8,1.3,1.5,,,,,22,
2019-12-02T01:22:13.000Z,36.366472167817655,127.36195582012199,71.40221480934592,4.0,164.51492,0.65244764,27,gps,0.8,1.2,1.4,,,,,22,
2019-12-02T01:22:14.000Z,36.366465609559384,127.36196089490686,71.24912974962443,4.0,174.54533,0.5007354,27,gps,0.7,1.2,1.4,,,,,22,
2019-12-02T01:22:15.000Z,36.36645836368131,127.36197176062544,71.10718115838986,5.0,164.89116,0.35300165,27,gps,0.7,1.2,1.4,,,,,22,
2019-12-02T01:22:16.000Z,36.3664527937336,127.36198136378924,71.00076995487863,6.0,160.71536,0.34584677,27,gps,0.8,1.2,1.4,,,,,22,
2019-12-02T01:22:17.000Z,36.366448710841894,127.36198600867867,71.05937162329931,7.0,156.88354,0.3463278,27,gps,0.8,1.2,1.4,,,,,22,
2019-12-02T01:22:18.000Z,36.366448710841894,127.36198600867867,71.05937162329931,4.0,200.63991,0.60650915,27,gps,0.8,1.2,1.5,,,,,22,
2019-12-02T01:22:19.000Z,36.366448710841894,127.36198600867867,71.05937162329931,4.0,200.63991,0.5980289,27,gps,0.8,1.3,1.5,,,,,22,
2019-12-02T01:22:20.000Z,36.366442367107446,127.36198481371825,71.17920887576307,4.0,195.66785,0.3741646,27,gps,0.8,1.2,1.4,,,,,22,
2019-12-02T01:22:21.000Z,36.366436356976735,127.3619832854498,71.11220715085825,4.0,194.95358,0.48394904,27,gps,0.8,1.4,1.6,,,,,22,
2019-12-02T01:22:22.000Z,36.366436356976735,127.3619832854498,71.11220715085825,4.0,200.71677,0.7384949,26,gps,0.8,1.3,1.6,,,,,22,
2019-12-02T01:22:23.000Z,36.36643070901178,127.36198075951795,71.11538696207647,4.0,204.19592,0.9123356,26,gps,0.8,1.4,1.6,,,,,22,
2019-12-02T01:22:24.000Z,36.36642378042149,127.36197697449224,71.10489330074242,4.0,207.60735,1.1005343,26,gps,0.9,1.6,1.8,,,,,22,
2019-12-02T01:22:25.000Z,36.3664153672521,127.36197252925106,71.01969026886083,4.0,202.29579,1.1957793,26,gps,0.9,0.9,1.3,,,,,22,
2019-12-02T01:22:26.000Z,36.36640573115504,127.36196759606827,71.01327777932956,4.0,202.0594,1.244967,26,gps,0.9,1.0,1.3,,,,,22,
2019-12-02T01:22:27.000Z,36.366395604448236,127.36196250898533,71.01033781477099,4.0,198.93137,1.2957119,25,gps,1.3,1.6,2.1,,,,,22,
2019-12-02T01:22:28.000Z,36.366384834908274,127.36195776207116,71.00850555494951,4.0,199.58011,1.3372006,25,gps,7.5,4.7,8.8,,,,,22,
2019-12-02T01:22:29.000Z,36.36637375932874,127.36195289109375,71.00669897863504,4.0,199.5798,1.1453829,25,gps,7.5,4.7,8.8,,,,,22,
2019-12-02T01:22:30.000Z,36.36636382224581,127.36194851937904,71.00508833665735,4.0,195.1706,1.0167556,23,gps,4.1,6.1,7.3,,,,,22,
2019-12-02T01:22:31.000Z,36.36635482385505,127.36194530445515,71.00347317909917,4.0,191.30574,1.1399071,21,gps,2.4,2.4,3.4,,,,,22,
2019-12-02T01:22:32.000Z,36.36634536838335,127.36194281092544,71.0000586120173,4.0,194.0535,1.224593,20,gps,2.4,2.4,3.4,,,,,22,
2019-12-02T01:22:33.000Z,36.36633503958359,127.36193971585392,70.99973859886848,4.0,206.70805,1.2851186,20,gps,2.3,2.4,3.4,,,,,22,
2019-12-02T01:22:34.000Z,36.36632479848811,127.36193397584758,71.00001681495657,4.0,202.6027,1.3338523,20,gps,2.6,2.4,3.5,,,,,22,
2019-12-02T01:22:35.000Z,36.3663140679393,127.36192830321777,70.99950563993231,4.0,202.61205,1.370697,18,gps,6.6,3.3,7.3,,,,,22,
2019-12-02T01:22:36.000Z,36.366302857426646,127.36192246825784,70.99994392703104,4.0,202.47327,1.3928571,17,gps,100.0,100.0,100.0,,,,,22,
2019-12-02T01:22:37.000Z,36.366291663864686,127.36191653181474,71.00283714780439,4.0,202.52238,1.4000447,14,gps,100.0,100.0,100.0,,,,,22,
2019-12-02T01:22:38.000Z,36.366280231879614,127.36191047106858,71.00529724233692,4.0,203.9983,1.4058448,16,gps,100.0,100.0,100.0,,,,,22,
2019-12-02T01:22:39.000Z,36.366268724959525,127.36190415907873,71.0056633796894,11.0,200.835,1.4115851,12,gps,100.0,100.0,100.0,,,,,22,
2019-12-02T01:22:40.000Z,36.366256937925755,127.36189844194661,71.0070910326941,13.0,200.82935,1.1983196,12,gps,100.0,100.0,100.0,,,,,22,
2019-12-02T01:22:41.000Z,36.36624657875569,127.36189356670646,71.00796791687205,14.0,197.1834,1.2680051,12,gps,100.0,100.0,100.0,,,,,22,
2019-12-02T01:22:42.000Z,36.36623581241426,127.36188924700853,71.00788641326126,16.0,197.18497,1.3180683,12,gps,100.0,100.0,100.0,,,,,22,
2019-12-02T01:22:48.000Z,36.36623581229618,127.361889246595,0.0,11.0,,0.0,6,gps,100.0,100.0,100.0,,,,,22,
2019-12-02T01:22:58.000Z,36.36604399988193,127.36136999958647,0.0,42.0,,0.0,6,gps,100.0,100.0,100.0,,,,,22,
2019-12-02T01:23:08.000Z,36.36604399988193,127.36136999958647,0.0,42.0,,0.0,8,gps,100.0,100.0,100.0,,,,,22,
2019-12-02T01:23:18.000Z,36.36604399988193,127.36136999958647,0.0,42.0,,0.0,13,gps,1.1,1.9,2.2,,,,,22,
2019-12-02T01:23:28.000Z,36.36599120297888,127.3610141480086,111.60537585057318,20.0,257.88022,1.1618528,15,gps,1.0,2.2,2.4,,,,,22,
2019-12-02T01:23:29.000Z,36.36603645826287,127.36101022442395,86.35682006470499,20.0,324.88745,1.2495879,18,gps,0.9,1.9,2.1,,,,,22,
2019-12-02T01:23:30.000Z,36.366191471290115,127.36098894410456,86.74191117467838,20.0,312.40405,1.2850231,19,gps,0.9,1.6,1.8,,,,,22,
2019-12-02T01:23:31.000Z,36.36622550404059,127.36098133500758,86.55962778754775,20.0,311.54233,1.1009538,20,gps,0.8,1.5,1.7,,,,,22,
2019-12-02T01:23:32.000Z,36.366252015547325,127.36098717621175,87.1451020696366,20.0,338.59518,0.93638986,20,gps,0.8,1.5,1.7,,,,,22,
2019-12-02T01:23:33.000Z,36.36627827760123,127.3609945533364,86.98770167707629,20.0,340.91113,1.0344568,21,gps,0.8,1.5,1.7,,,,,22,
2019-12-02T01:23:34.000Z,36.36629121475736,127.36098908306326,86.20737280581727,20.0,28.959652,1.1140553,22,gps,0.9,1.5,1.8,,,,,22,
2019-12-02T01:23:35.000Z,36.366344248022266,127.36098165330935,84.74290545276313,20.0,13.701357,0.9620232,23,gps,0.9,1.3,1.6,,,,,22,
2019-12-02T01:23:36.000Z,36.36638285252923,127.36096073256113,85.51568632725322,20.0,355.92502,0.8148757,23,gps,0.8,1.2,1.5,,,,,22,
2019-12-02T01:23:37.000Z,36.366429644448175,127.36094714651684,84.02164790130122,20.0,343.91678,1.0137686,23,gps,0.7,1.2,1.4,,,,,22,
2019-12-02T01:23:38.000Z,36.36644157481197,127.36096537028301,77.98578810593654,20.0,312.21603,1.2268231,25,gps,0.7,1.2,1.4,,,,,22,
2019-12-02T01:23:39.000Z,36.36645556601299,127.36095293924592,74.50767051744309,20.0,248.85587,1.2919998,25,gps,0.8,1.2,1.4,,,,,22,
2019-12-02T01:23:40.000Z,36.366437181493914,127.36094645523018,70.88775111567975,20.0,255.97282,1.3580695,27,gps,0.8,1.2,1.4,,,,,22,
2019-12-02T01:23:41.000Z,36.3664226274061,127.36093709863378,69.92855625513842,20.0,250.96344,1.3672109,27,gps,0.8,1.2,1.4,,,,,22,
2019-12-02T01:23:42.000Z,36.36639632484057,127.36094424970506,69.52156820661727,20.0,246.59857,1.3756686,27,gps,1.1,1.3,1.7,,,,,22,
2019-12-02T01:23:43.000Z,36.366383429237594,127.36093864412818,68.34632104413049,20.0,242.51846,1.1655135,27,gps,,,,,,,,22,
2019-12-02T01:23:44.000Z,36.36635656876442,127.36094096699766,67.46612144167582,20.0,240.58086,0.91133416,27,gps,1.1,1.3,1.7,,,,,22,
2019-12-02T01:23:45.000Z,36.36635049363561,127.36091538181543,68.0065921674866,20.0,248.20749,1.0017927,27,gps,1.1,1.3,1.7,,,,,22,
2019-12-02T01:23:46.000Z,36.366333604911986,127.36091202574006,67.92156694076812,20.0,255.33075,0.89213026,28,gps,1.1,1.3,1.7,,,,,22,
2019-12-02T01:23:47.000Z,36.36631921803654,127.36090398467499,68.29341161571591,20.0,267.379,1.0182968,28,gps,0.9,1.3,1.6,,,,,22,
2019-12-02T01:23:48.000Z,36.36631572334761,127.36089402530212,69.08095161212381,20.0,251.08475,0.97339517,28,gps,1.0,1.3,1.6,,,,,22,
2019-12-02T01:23:49.000Z,36.36630087797159,127.3608857058644,69.69196429364088,20.0,234.10263,0.9802517,28,gps,1.0,1.4,1.7,,,,,22,
2019-12-02T01:23:50.000Z,36.36629234076929,127.36087887175998,69.76499997499624,20.0,233.38103,1.0301396,28,gps,0.9,1.4,1.6,,,,,22,
2019-12-02T01:23:51.000Z,36.36628249765401,127.36087233339327,69.74093272701242,20.0,227.43,1.041925,28,gps,0.9,1.3,1.6,,,,,22,
2019-12-02T01:23:52.000Z,36.36626739747438,127.36086778610536,69.99393097349783,20.0,221.73087,1.1248446,28,gps,0.9,1.3,1.6,,,,,22,
2019-12-02T01:23:53.000Z,36.36625720637968,127.36085685124301,70.3578260537741,20.0,213.41159,1.1155165,28,gps,0.9,1.3,1.6,,,,,22,
2019-12-02T01:23:54.000Z,36.36624340341492,127.36084705634205,70.59508871003621,20.0,224.2947,0.7574557,29,gps,0.8,1.2,1.4,,,,,22,
2019-12-02T01:23:55.000Z,36.366235046312255,127.36083615582844,70.72138307143739,20.0,236.88554,0.7131228,29,gps,0.8,1.2,1.4,,,,,22,
2019-12-02T01:23:56.000Z,36.36622238044661,127.36082427553549,70.67804545303511,20.0,248.54736,0.9753558,29,gps,0.7,1.2,1.4,,,,,22,
2019-12-02T01:23:57.000Z,36.366209334492396,127.36081778641415,70.3674894996596,18.0,252.53477,1.0580517,29,gps,0.7,1.1,1.3,,,,,22,
2019-12-02T01:23:58.000Z,36.36619483532901,127.36080886815367,69.93758877211789,16.0,253.17442,1.055547,30,gps,0.7,1.1,1.3,,,,,22,
2019-12-02T01:23:59.000Z,36.366181638952746,127.36080061279358,69.31962177269166,15.0,253.99376,0.9753662,30,gps,0.7,1.1,1.3,,,,,22,
2019-12-02T01:24:00.000Z,36.366170877842286,127.3607876517811,68.76257195062263,14.0,258.2497,1.0859835,30,gps,0.7,1.1,1.3,,,,,22,
2019-12-02T01:24:01.000Z,36.36616075511014,127.36077585786211,67.99985034241708,12.0,267.41074,0.9762003,30,gps,0.7,1.1,1.3,,,,,22,
2019-12-02T01:24:02.000Z,36.36615307252415,127.36076324615537,67.65796378550027,11.0,262.54156,0.94893616,30,gps,0.7,1.1,1.3,,,,,22,
2019-12-02T01:24:03.000Z,36.366144427315284,127.36074932142624,67.18107380018198,9.0,255.31766,1.0140535,30,gps,,,,,,,,22,
2019-12-02T01:24:04.000Z,36.366136288228546,127.36073869651828,66.66434289086496,8.0,237.24483,1.0163503,30,gps,0.7,1.1,1.3,,,,,22,
2019-12-02T01:24:05.000Z,36.3661259703238,127.360729995152,66.30633185703137,7.0,230.28157,0.9895202,31,gps,,,,,,,,22,
2019-12-02T01:24:06.000Z,36.366113694534434,127.36071911628434,66.36225153938028,6.0,217.34367,1.126414,31,gps,0.7,1.1,1.3,,,,,22,
2019-12-02T01:24:07.000Z,36.36610296366624,127.3607104956743,66.4127608375451,5.0,195.62312,1.0390178,31,gps,0.7,1.1,1.3,,,,,22,
2019-12-02T01:24:08.000Z,36.3660926370752,127.3607042675832,66.57878782319594,4.0,195.63823,0.9216482,31,gps,0.7,1.1,1.3,,,,,22,
2019-12-02T01:24:09.000Z,36.36608144613694,127.36069999539701,66.64889002243235,4.0,174.03767,0.96147805,30,gps,0.7,1.1,1.3,,,,,22,
2019-12-02T01:24:10.000Z,36.36607177339602,127.36070049004356,66.84075482559396,4.0,170.34392,1.2125489,30,gps,0.7,1.1,1.3,,,,,22,
2019-12-02T01:24:11.000Z,36.366062261763275,127.36070319537656,66.73625569205419,4.0,169.6223,1.2527813,30,gps,0.7,1.1,1.3,,,,,22,
2019-12-02T01:24:12.000Z,36.366048902016544,127.36070457532513,66.53794812826695,4.0,164.5076,1.2956517,30,gps,,,,,,,,22,
2019-12-02T01:24:13.000Z,36.36603659676643,127.3607055555649,66.38791195870999,4.0,169.97394,1.236221,30,gps,0.7,1.2,1.4,,,,,22,
2019-12-02T01:24:14.000Z,36.36602620006361,127.36070649944709,66.37476219667138,4.0,180.48846,1.2025896,30,gps,0.7,1.2,1.4,,,,,22,
2019-12-02T01:24:15.000Z,36.36601700924099,127.3607073017998,66.27819874141548,4.0,193.60579,1.120205,30,gps,0.7,1.2,1.4,,,,,22,
2019-12-02T01:24:16.000Z,36.3660079481694,127.36070977177594,66.0524273978609,4.0,185.65129,0.9585615,30,gps,0.7,1.2,1.4,,,,,22,
2019-12-02T01:24:17.000Z,36.36599887401656,127.36071121060142,65.77632015544079,4.0,186.29144,1.1694657,30,gps,0.7,1.2,1.4,,,,,22,
2019-12-02T01:24:18.000Z,36.36598926218263,127.36071140021484,65.83636947941078,4.0,182.83582,1.2138156,30,gps,0.7,1.2,1.4,,,,,22,
2019-12-02T01:24:19.000Z,36.36597953324378,127.36071228695678,66.01347110695721,4.0,181.19168,1.040378,30,gps,0.7,1.2,1.4,,,,,22,
2019-12-02T01:24:20.000Z,36.36597114301458,127.36071237507059,66.05145504934512,4.0,186.50513,1.0742866,30,gps,0.7,1.2,1.4,,,,,22,
2019-12-02T01:24:21.000Z,36.36595988319976,127.36071068784251,65.91460983274408,4.0,181.8298,1.3036008,30,gps,0.7,1.2,1.4,,,,,22,
2019-12-02T01:24:22.000Z,36.36594712246346,127.36071300032656,65.9867338683411,4.0,168.19495,1.2870268,30,gps,,,,,,,,22,
2019-12-02T01:24:23.000Z,36.36593175306876,127.36071496696466,65.96969603391763,4.0,177.3327,1.4931067,30,gps,0.7,1.1,1.3,,,,,22,
2019-12-02T01:24:24.000Z,36.36591799460784,127.36071656134862,66.08976168003177,4.0,181.68254,1.32568,30,gps,,,,,,,,22,
2019-12-02T01:24:25.000Z,36.365907868782486,127.36071842395859,65.84291479768227,3.0,180.36867,1.0331391,30,gps,0.7,1.1,1.3,,,,,22,
2019-12-02T01:24:26.000Z,36.36589686739653,127.36071955487019,65.72443050835655,3.0,172.51166,1.0398502,30,gps,,,,,,,,22,
2019-12-02T01:24:27.000Z,36.36588560154756,127.36072087413102,65.4267649796795,3.0,174.47069,1.3387895,30,gps,0.7,1.1,1.3,,,,,22,
2019-12-02T01:24:28.000Z,36.36587299535288,127.36072062843468,65.15866011483008,3.0,183.73732,1.304519,30,gps,0.7,1.1,1.3,,,,,22,
2019-12-02T01:24:29.000Z,36.36586047212558,127.36072248825693,64.84031633244956,3.0,185.67004,1.3066343,30,gps,0.7,1.1,1.3,,,,,22,
2019-12-02T01:24:30.000Z,36.36584662502864,127.36072806586186,64.71519069909681,3.0,180.46713,1.2863362,30,gps,0.7,1.1,1.3,,,,,22,
2019-12-02T01:24:31.000Z,36.365834272577764,127.36073500961773,64.38522172454547,3.0,171.9928,1.285784,30,gps,0.7,1.1,1.3,,,,,22,
2019-12-02T01:24:32.000Z,36.36582241942167,127.36073984458241,64.06767677569314,3.0,171.41191,1.2997774,30,gps,0.7,1.1,1.3,,,,,22,
2019-12-02T01:24:33.000Z,36.365813879712405,127.36074509781247,63.543284058617544,3.0,178.40259,1.2846122,31,gps,0.7,1.1,1.3,,,,,22,
2019-12-02T01:24:34.000Z,36.36580749481418,127.36074829171949,63.221554118144645,3.0,177.62766,1.1433713,31,gps,0.7,1.1,1.3,,,,,22,
2019-12-02T01:24:35.000Z,36.36579892998126,127.36075093097737,63.20986183110992,3.0,178.70055,1.068903,31,gps,0.7,1.1,1.3,,,,,22,
2019-12-02T01:24:36.000Z,36.36578893364432,127.3607551192941,63.15658104953605,3.0,177.15944,1.3132428,31,gps,,,,,,,,22,
2019-12-02T01:24:37.000Z,36.3657806367384,127.36075728963135,63.014954971179115,3.0,179.54973,1.2654895,31,gps,0.7,1.1,1.3,,,,,22,
2019-12-02T01:24:38.000Z,36.36577264882287,127.36075789859142,62.93129622846196,3.0,181.50174,1.2814244,30,gps,0.7,1.1,1.3,,,,,22,
2019-12-02T01:24:39.000Z,36.365764835615934,127.36075991524926,62.83180933679154,3.0,176.55731,1.2320821,31,gps,0.7,1.1,1.3,,,,,22,
2019-12-02T01:24:40.000Z,36.365754535729025,127.36076099051904,62.90062100487906,3.0,177.85677,1.2469593,31,gps,,,,,,,,22,
2019-12-02T01:24:41.000Z,36.36574603485801,127.36075944879072,62.719922577297154,3.0,181.17058,1.2253622,31,gps,0.7,1.1,1.3,,,,,22,
2019-12-02T01:24:42.000Z,36.3657368104779,127.36075802637707,62.70806672977372,3.0,178.19585,1.1698531,31,gps,0.7,1.1,1.3,,,,,22,
2019-12-02T01:24:43.000Z,36.36572691592032,127.36075840228574,62.818527268443084,3.0,173.5647,0.92038256,31,gps,0.7,1.1,1.3,,,,,22,
2019-12-02T01:24:44.000Z,36.36571572057141,127.36076139002658,62.887097785229834,3.0,167.5577,1.0175906,31,gps,,,,,,,,22,
2019-12-02T01:24:45.000Z,36.365704132129636,127.36076446601106,62.92106610804427,3.0,173.88225,1.2353703,31,gps,0.7,1.1,1.3,,,,,22,
2019-12-02T01:24:46.000Z,36.3656914783075,127.36076812077735,63.216578320739046,3.0,171.21072,1.2382507,31,gps,0.7,1.1,1.3,,,,,22,
2019-12-02T01:24:47.000Z,36.365680155300126,127.36077294055173,63.63717805668574,3.0,169.48941,1.2316694,31,gps,,,,,,,,22,
2019-12-02T01:24:48.000Z,36.36566820235718,127.36077985895872,64.22974566170174,3.0,159.64319,1.2532573,31,gps,0.7,1.1,1.3,,,,,22,
2019-12-02T01:24:49.000Z,36.36565683973453,127.36078659147447,64.6914620357117,3.0,161.1628,1.2375633,31,gps,0.7,1.1,1.3,,,,,22,
2019-12-02T01:24:50.000Z,36.365643630481465,127.36078937760169,64.97651687884468,3.0,171.84262,1.2566881,31,gps,0.7,1.1,1.3,,,,,22,
2019-12-02T01:24:51.000Z,36.36563074579715,127.3607887541154,65.16651484422556,3.0,177.58539,1.006769,31,gps,0.7,1.1,1.3,,,,,22,
2019-12-02T01:24:52.000Z,36.365617639752756,127.36078689804611,65.40091726424669,3.0,190.18138,0.98114556,32,gps,0.7,1.2,1.4,,,,,22,
2019-12-02T01:24:53.000Z,36.36560558170799,127.36078077156434,65.77634182533785,3.0,206.35898,1.177328,32,gps,0.7,1.2,1.4,,,,,22,
2019-12-02T01:24:54.000Z,36.365596091772915,127.36077495915201,65.86353830730376,3.0,208.19838,1.2379781,32,gps,0.7,1.2,1.4,,,,,22,
2019-12-02T01:24:55.000Z,36.36558724053384,127.3607694171332,65.78855307415311,3.0,203.35312,1.239195,32,gps,0.8,1.4,1.6,,,,,22,
2019-12-02T01:24:56.000Z,36.36557841616376,127.3607654329662,65.73719071170359,3.0,187.63277,1.2014235,32,gps,0.8,1.4,1.6,,,,,22,
2019-12-02T01:24:57.000Z,36.36556885364495,127.36076491857341,65.67723556424967,3.0,170.40837,1.2007561,32,gps,1.0,1.8,2.0,,,,,22,
2019-12-02T01:24:58.000Z,36.36555792536733,127.36076861534954,65.73337566149594,3.0,150.21423,1.2067479,32,gps,,,,,,,,22,
2019-12-02T01:24:59.000Z,36.3655498491656,127.36077511382591,65.79479561746705,3.0,146.17966,0.9614518,32,gps,1.0,1.8,2.0,,,,,22,
2019-12-02T01:25:00.000Z,36.3655436196777,127.36077934955752,65.91207836453883,3.0,115.18016,0.790429,32,gps,1.0,1.9,2.1,,,,,22,
2019-12-02T01:25:01.000Z,36.36553912264217,127.3607876548557,66.00376946112452,3.0,92.6445,0.9792177,32,gps,1.0,1.9,2.1,,,,,22,
2019-12-02T01:25:02.000Z,36.36553725179592,127.36079708262183,66.23895628203636,3.0,114.21817,1.0326068,32,gps,1.0,1.8,2.0,,,,,22,
2019-12-02T01:25:03.000Z,36.365533984756254,127.360808366523,66.44478656101234,3.0,115.7357,1.054256,32,gps,1.0,1.8,2.0,,,,,22,
2019-12-02T01:25:04.000Z,36.365532202077254,127.36081977202953,66.50633430606459,3.0,97.47049,1.0451865,32,gps,1.0,1.8,2.0,,,,,22,
2019-12-02T01:25:05.000Z,36.36553268631011,127.36083108416138,66.50023246201684,3.0,60.289444,1.0722052,32,gps,0.8,1.4,1.6,,,,,22,
2019-12-02T01:25:06.000Z,36.36553664597295,127.36084082574942,66.46015621282903,3.0,41.89459,1.1725733,32,gps,0.8,1.4,1.6,,,,,22,
2019-12-02T01:25:07.000Z,36.365542978685255,127.36084790145894,66.37659200191355,3.0,45.805145,0.9988338,32,gps,0.8,1.4,1.6,,,,,22,
2019-12-02T01:25:08.000Z,36.36555026057764,127.36085731920811,66.567595101479,3.0,30.172522,0.9266957,32,gps,0.8,1.4,1.7,,,,,22,
2019-12-02T01:25:09.000Z,36.365558095119006,127.36086226397988,66.92133756531085,3.0,28.205797,1.0081388,32,gps,1.0,1.9,2.1,,,,,22,
2019-12-02T01:25:10.000Z,36.365566895110206,127.36086744829527,66.95390735667833,4.0,27.23186,1.0920805,32,gps,1.1,1.9,2.1,,,,,22,
2019-12-02T01:25:11.000Z,36.36557395629647,127.36087291023671,66.9550989243196,4.0,26.628986,1.0877969,32,gps,1.2,1.9,2.3,,,,,22,
2019-12-02T01:25:12.000Z,36.36558202823783,127.36087851313563,66.96227148227558,4.0,26.282019,0.95272624,32,gps,0.9,1.4,1.7,,,,,22,
2019-12-02T01:25:13.000Z,36.36559008248534,127.36088388914132,66.93345597206132,4.0,26.241898,0.8594183,32,gps,1.1,1.8,2.1,,,,,22,
2019-12-02T01:25:14.000Z,36.365596317987475,127.36088855355554,66.94514814296217,5.0,26.333689,0.9491076,32,gps,0.8,1.4,1.6,,,,,22,
2019-12-02T01:25:15.000Z,36.36560404322104,127.36089359890244,66.90346303732001,6.0,26.598099,1.0422677,31,gps,0.9,1.5,1.7,,,,,22,
2019-12-02T01:25:16.000Z,36.365612265759864,127.36089869411543,66.8991768912895,7.0,38.87202,1.1542274,27,gps,0.9,1.4,1.7,,,,,22,
2019-12-02T01:25:17.000Z,36.365620329372746,127.36090627313723,66.88541264000476,8.0,38.862213,1.2325275,25,gps,0.9,1.5,1.8,,,,,22,
2019-12-02T01:25:18.000Z,36.36562879312408,127.36091472683336,66.87685343872596,8.0,38.847595,1.0715175,25,gps,1.0,2.3,2.5,,,,,21,
2019-12-02T01:25:19.000Z,36.36563621568363,127.36092272286116,66.854135398381,9.0,73.77327,0.9610256,24,gps,1.1,2.7,2.9,,,,,21,
2019-12-02T01:25:20.000Z,36.36563964587323,127.36093251778728,66.84908122655938,9.0,89.66228,1.1031406,24,gps,1.1,2.6,2.8,,,,,21,
2019-12-02T01:25:21.000Z,36.365640357885155,127.36094438882444,66.83949445924259,9.0,91.39719,1.198833,23,gps,0.9,1.8,2.0,,,,,21,
2019-12-02T01:25:22.000Z,36.3656402851216,127.3609574914892,66.8340939330474,9.0,100.286224,1.2637177,23,gps,2.1,6.0,6.4,,,,,21,
2019-12-02T01:25:23.000Z,36.36563854127127,127.36097128488106,66.8252296725497,12.0,107.47539,1.3093773,22,gps,6.0,6.9,9.2,,,,,21,
2019-12-02T01:25:24.000Z,36.365635222978575,127.36098527407148,66.81989519908691,12.0,103.777466,1.3337898,20,gps,5.3,4.5,7.0,,,,,21,
2019-12-02T01:25:25.000Z,36.3656323951886,127.36099977379858,66.80594984635854,20.0,104.770386,1.3474871,20,gps,6.0,6.9,9.2,,,,,21,
2019-12-02T01:25:26.000Z,36.36562931625986,127.3610143603722,66.80012506467244,13.0,104.379364,1.3616983,19,gps,6.0,6.4,8.8,,,,,21,
2019-12-02T01:25:27.000Z,36.36562650661042,127.36102918243103,66.77911480833538,4.0,104.27457,1.1616216,17,gps,20.1,10.7,22.8,,,,,21,
2019-12-02T01:25:28.000Z,36.36562389432857,127.36104219672202,66.77778655893992,4.0,105.74333,1.0211762,15,gps,20.2,10.7,22.8,,,,,21,
2019-12-02T01:25:29.000Z,36.36562133599105,127.36105368549126,66.77259669109218,4.0,103.877106,1.1358414,12,gps,100.0,100.0,100.0,,,,,21,
2019-12-02T01:25:30.000Z,36.36561886829981,127.36106591977041,66.76675021252609,4.0,103.39316,1.2186809,15,gps,20.2,10.6,22.9,,,,,21,
2019-12-02T01:25:31.000Z,36.3656163613164,127.36107895098895,66.76794179582159,4.0,98.85901,1.2747288,15,gps,2.3,6.5,6.9,,,,,21,
2019-12-02T01:25:32.000Z,36.36561455449432,127.36109288488814,66.76750081636803,5.0,96.321594,1.3153054,15,gps,2.6,4.3,5.0,,,,,21,
2019-12-02T01:25:33.000Z,36.365613193424124,127.36110735736968,66.76848602694776,6.0,95.38629,1.3401318,10,gps,1.2,2.2,2.5,,,,,21,
2019-12-02T01:25:34.000Z,36.365612112578965,127.36112215425194,66.76788042690563,7.0,103.29715,1.35401,10,gps,1.2,2.2,2.5,,,,,21,
2019-12-02T01:25:35.000Z,36.3656096628375,127.36113685354191,66.76776281176411,9.0,89.95454,1.3751466,10,gps,1.4,3.0,3.4,,,,,21,
2019-12-02T01:25:41.000Z,36.36560966271943,127.3611368531284,0.0,4.0,,0.0,7,gps,100.0,100.0,100.0,,,,,21,
2019-12-02T01:25:51.000Z,36.36560966271943,127.3611368531284,0.0,4.0,,0.0,9,gps,100.0,100.0,100.0,,,,,20,
2019-12-02T01:26:01.000Z,36.36560966271943,127.3611368531284,0.0,4.0,,0.0,11,gps,1.2,1.5,1.9,,,,,20,
2019-12-02T01:26:11.000Z,36.36560966271943,127.3611368531284,0.0,4.0,,0.0,13,gps,0.9,1.4,1.7,,,,,20,
2019-12-02T01:26:15.000Z,36.36608493274546,127.36140023701994,47.16476914007217,20.0,178.42993,1.2093194,14,gps,1.1,1.7,2.0,,,,,20,
2019-12-02T01:26:16.000Z,36.366097302320064,127.3613880825931,27.208518710717904,20.0,338.01532,1.0586419,14,gps,1.1,1.7,2.0,,,,,20,
2019-12-02T01:26:17.000Z,36.36607467491613,127.36139219820578,35.14581357098769,20.0,325.9609,1.1742619,16,gps,1.1,1.7,2.0,,,,,20,
2019-12-02T01:26:18.000Z,36.36605383858445,127.36138843710434,40.96331468294457,20.0,318.1368,1.2578537,17,gps,1.1,1.4,1.8,,,,,20,
2019-12-02T01:26:19.000Z,36.36603157696141,127.36137445495041,39.916852371061374,20.0,310.981,1.3113985,19,gps,1.0,1.5,1.8,,,,,20,
2019-12-02T01:26:20.000Z,36.366005782828125,127.36136486396964,40.32483591708153,20.0,301.57413,1.3444153,20,gps,0.8,1.4,1.7,,,,,20,
2019-12-02T01:26:21.000Z,36.365991940121866,127.36135285230135,40.61705045980651,20.0,304.3514,1.3436139,21,gps,1.0,1.4,1.7,,,,,20,
2019-12-02T01:26:22.000Z,36.36599240824561,127.36133753201553,43.41773158600003,20.0,295.94067,1.3699905,23,gps,1.0,1.3,1.6,,,,,20,
2019-12-02T01:26:23.000Z,36.3659942147197,127.36132320281361,46.04661714378076,20.0,299.836,1.3764881,23,gps,0.9,1.2,1.5,,,,,20,
2019-12-02T01:26:24.000Z,36.36598919237224,127.36132271188009,47.68645922414116,20.0,295.4709,1.3747302,23,gps,0.9,1.2,1.4,,,,,20,
2019-12-02T01:26:25.000Z,36.36598195127069,127.36132029602337,47.791709159934335,20.0,290.94952,1.3294328,23,gps,0.9,1.2,1.5,,,,,20,
2019-12-02T01:26:26.000Z,36.36597707748594,127.36131463041836,47.43240214284301,20.0,291.36377,1.3275867,23,gps,0.9,1.2,1.4,,,,,20,
2019-12-02T01:26:27.000Z,36.3659759551176,127.36130726716206,46.57445846788088,20.0,289.57175,1.3386626,21,gps,0.9,1.2,1.4,,,,,20,
2019-12-02T01:26:28.000Z,36.36597353126706,127.36128836301378,45.58379161214554,20.0,286.15295,1.3434461,22,gps,1.0,1.2,1.6,,,,,20,
2019-12-02T01:26:29.000Z,36.36597501874258,127.3612818148302,44.704888270561916,20.0,286.66318,1.356296,22,gps,0.9,1.2,1.5,,,,,20,
2019-12-02T01:26:30.000Z,36.365983048978556,127.3612747605513,42.70683870072301,20.0,284.92065,1.3666444,23,gps,0.9,1.2,1.5,,,,,20,
2019-12-02T01:26:31.000Z,36.36600292024739,127.36125965350061,42.11685115549288,20.0,288.0499,1.1619678,23,gps,0.8,1.2,1.5,,,,,20,
2019-12-02T01:26:32.000Z,36.36600332945538,127.36125378469859,41.257511648877504,20.0,261.864,1.0295305,24,gps,0.9,1.2,1.5,,,,,20,
2019-12-02T01:26:33.000Z,36.36600588846273,127.36124759524617,40.99488821425799,20.0,268.3991,1.1507571,24,gps,0.9,1.2,1.5,,,,,20,
2019-12-02T01:26:34.000Z,36.36600831414473,127.36124159049169,39.29726476628957,20.0,268.42078,1.2273349,24,gps,0.8,1.2,1.4,,,,,20,
2019-12-02T01:26:35.000Z,36.36601199972724,127.36123540922988,38.73388208351863,20.0,264.18298,1.2769747,24,gps,0.9,1.3,1.6,,,,,20,
2019-12-02T01:26:36.000Z,36.366013647609336,127.3612302322904,38.34203596284623,20.0,268.42148,1.3035376,24,gps,0.8,1.1,1.4,,,,,20,
2019-12-02T01:26:37.000Z,36.36601106043877,127.36122370555384,38.131349781745854,20.0,269.7146,1.3255284,24,gps,0.8,1.2,1.4,,,,,20,
2019-12-02T01:26:38.000Z,36.36601056785156,127.36121289839875,38.06544456973723,20.0,222.26768,1.3454783,24,gps,0.8,1.2,1.4,,,,,20,
2019-12-02T01:26:39.000Z,36.36600856439749,127.36120765858928,37.98266639244737,20.0,220.53299,1.3423773,24,gps,0.8,1.2,1.4,,,,,20,
2019-12-02T01:26:40.000Z,36.366009320513285,127.36120374942593,37.86106885489365,20.0,219.66289,1.1332898,24,gps,0.8,1.2,1.4,,,,,20,
2019-12-02T01:26:41.000Z,36.36600576050604,127.36119943442438,37.88159100680309,20.0,219.1301,0.87233675,23,gps,0.8,1.2,1.5,,,,,20,
2019-12-02T01:26:42.000Z,36.365991669109825,127.36119921684613,37.891934320927504,20.0,283.23474,0.86000264,23,gps,0.8,1.3,1.5,,,,,20,
2019-12-02T01:26:43.000Z,36.365991669109825,127.36119921684613,37.86972319806532,4.0,284.01688,0.9715334,23,gps,0.8,1.1,1.4,,,,,20,
2019-12-02T01:26:44.000Z,36.365991669109825,127.36119921684613,37.800294595661306,4.0,284.4819,1.3542883,23,gps,0.8,1.2,1.4,,,,,20,
2019-12-02T01:26:45.000Z,36.365991669109825,127.36119921684613,37.70715574166479,4.0,284.8756,1.6566011,23,gps,0.8,1.2,1.4,,,,,20,
2019-12-02T01:26:46.000Z,36.365991669109825,127.36119921684613,37.633962242618296,4.0,249.68756,1.6114737,23,gps,0.8,1.2,1.5,,,,,20,
2019-12-02T01:26:47.000Z,36.365991669109825,127.36119921684613,37.46564737164669,4.0,250.16129,1.3370624,23,gps,0.8,1.2,1.5,,,,,20,
2019-12-02T01:26:48.000Z,36.36598112457154,127.36117830848642,37.33677601719509,20.0,249.38902,1.1066284,23,gps,0.8,1.3,1.6,,,,,20,
2019-12-02T01:26:49.000Z,36.365967382901424,127.36117578959667,37.62861959194015,20.0,248.5445,1.1425469,23,gps,0.8,1.3,1.6,,,,,20,
2019-12-02T01:26:50.000Z,36.36596708571422,127.36116979538527,37.64855660895556,20.0,248.88773,0.9867139,23,gps,0.8,1.2,1.4,,,,,20,
2019-12-02T01:26:51.000Z,36.365963248333685,127.36116857178891,37.933183667376646,20.0,247.99173,0.8491956,23,gps,0.8,1.2,1.5,,,,,20,
2019-12-02T01:26:52.000Z,36.36595755687173,127.36116552637034,37.9022064997346,20.0,248.03314,0.9117101,23,gps,0.8,1.1,1.4,,,,,20,
2019-12-02T01:26:53.000Z,36.36595648776402,127.3611684466093,37.87069965820167,20.0,248.4469,0.9651229,23,gps,0.7,1.1,1.3,,,,,20,
2019-12-02T01:26:54.000Z,36.365955795903524,127.36117744308875,37.85967110578771,20.0,251.17102,0.84898615,23,gps,0.8,1.1,1.3,,,,,20,
2019-12-02T01:26:55.000Z,36.36595648212711,127.36118933243911,38.00544424204263,20.0,273.91522,0.77368826,23,gps,0.8,1.3,1.5,,,,,20,
2019-12-02T01:26:56.000Z,36.36595553620786,127.36119510322256,38.188808172395476,20.0,291.6053,0.92447233,23,gps,0.8,1.2,1.4,,,,,20,
2019-12-02T01:26:57.000Z,36.36595631722419,127.36120353158246,38.26681899103606,20.0,306.31177,1.0378246,23,gps,0.8,1.2,1.4,,,,,20,
2019-12-02T01:26:58.000Z,36.36595027084379,127.36121432603002,38.54473556664177,20.0,319.61044,1.1236497,23,gps,0.8,1.1,1.4,,,,,20,
2019-12-02T01:26:59.000Z,36.36594689441974,127.36121441888221,38.62301755265354,20.0,322.43927,1.1808285,23,gps,0.8,1.2,1.4,,,,,20,
2019-12-02T01:27:00.000Z,36.36594693095637,127.36121273418134,38.78579690462025,20.0,326.41272,1.2203119,24,gps,0.8,1.1,1.3,,,,,20,
2019-12-02T01:27:01.000Z,36.36595081151261,127.3612156377067,38.78601739184239,20.0,334.77167,1.2483056,24,gps,0.8,1.1,1.4,,,,,20,
2019-12-02T01:27:02.000Z,36.365951893923295,127.36122373435968,38.77421970186179,20.0,346.8083,1.2658327,24,gps,0.8,1.1,1.4,,,,,20,
2019-12-02T01:27:03.000Z,36.36594838161781,127.36123121211389,38.784191256452736,20.0,351.97113,1.2716807,24,gps,0.9,1.2,1.5,,,,,20,
2019-12-02T01:27:04.000Z,36.365951162602066,127.36123473679281,38.868720399696805,20.0,357.99637,1.282527,24,gps,0.9,1.2,1.5,,,,,20,
2019-12-02T01:27:05.000Z,36.36595807294781,127.36124150215763,39.06913785851655,20.0,2.8966534,1.2876004,24,gps,0.9,1.2,1.5,,,,,20,
2019-12-02T01:27:06.000Z,36.36596782256513,127.3612514403684,39.43024115756097,20.0,1.9775422,1.0908002,24,gps,0.9,1.2,1.5,,,,,20,
2019-12-02T01:27:07.000Z,36.365974975052374,127.36125261869357,39.14799225677382,20.0,0.9268337,0.9547748,24,gps,0.9,1.2,1.5,,,,,20,
2019-12-02T01:27:08.000Z,36.365974975052374,127.36125261869357,38.997487679985944,4.0,13.397011,1.0516807,23,gps,0.9,1.2,1.5,,,,,20,
2019-12-02T01:27:09.000Z,36.365974975052374,127.36125261869357,38.72949866128809,4.0,15.156037,1.1063888,23,gps,0.8,1.2,1.4,,,,,20,
2019-12-02T01:27:10.000Z,36.365974975052374,127.36125261869357,38.387675494617945,4.0,18.998196,1.1476473,22,gps,0.8,1.2,1.4,,,,,20,
2019-12-02T01:27:11.000Z,36.36597296133425,127.36126395279479,37.98247729923614,18.0,6.416175,1.1419874,23,gps,0.9,1.2,1.5,,,,,20,
2019-12-02T01:27:12.000Z,36.36597370175893,127.3612694602972,37.87967011723022,17.0,4.5049443,1.1799711,23,gps,1.0,1.3,1.6,,,,,20,
2019-12-02T01:27:13.000Z,36.36597484191342,127.36127413369157,37.86214073416155,16.0,341.2367,1.1858797,23,gps,0.9,1.2,1.5,,,,,20,
2019-12-02T01:27:14.000Z,36.365971102168544,127.36128236422405,37.83333237351781,16.0,341.75385,1.2127799,23,gps,1.0,1.3,1.6,,,,,20,
2019-12-02T01:27:15.000Z,36.366010396260684,127.36128161005209,37.78259382534045,15.0,1.4605788,1.2052184,24,gps,0.9,1.2,1.6,,,,,20,
2019-12-02T01:27:16.000Z,36.366039321365804,127.3612898588915,37.75937561313746,15.0,1.5606205,1.1965551,24,gps,0.8,1.2,1.4,,,,,20,
2019-12-02T01:27:17.000Z,36.36605585009469,127.36129619731119,37.65602492139027,15.0,339.1512,1.0138818,24,gps,0.9,1.2,1.5,,,,,20,
2019-12-02T01:27:18.000Z,36.36607851037596,127.36129868929086,37.79475129445418,16.0,338.03076,1.1682779,24,gps,0.9,1.2,1.6,,,,,20,
2019-12-02T01:27:19.000Z,36.36607438181932,127.36130275128926,37.64369149433546,16.0,336.9727,1.2012595,24,gps,0.9,1.3,1.6,,,,,20,
2019-12-02T01:27:20.000Z,36.36606932939148,127.36130639736697,37.725089581105486,16.0,333.021,1.2197257,24,gps,1.1,1.4,1.7,,,,,20,
2019-12-02T01:27:21.000Z,36.36606258892935,127.36131024574779,37.760947043747265,16.0,337.90067,1.2280687,24,gps,1.1,1.4,1.8,,,,,20,
2019-12-02T01:27:22.000Z,36.36605353705235,127.3613132209374,37.765898308744,16.0,345.7429,1.2430078,24,gps,1.9,1.5,2.5,,,,,20,
2019-12-02T01:27:23.000Z,36.36604704259628,127.36131810167127,37.78381357306305,16.0,318.7406,1.249291,24,gps,1.0,1.7,2.0,,,,,20,
2019-12-02T01:27:24.000Z,36.36604019469398,127.36132042441484,37.78176017287129,16.0,318.14767,1.2459719,24,gps,1.1,1.8,2.1,,,,,20,
2019-12-02T01:27:25.000Z,36.36603239524128,127.3613247392315,37.75920889225769,16.0,317.6921,1.2428001,24,gps,1.0,1.9,2.2,,,,,20,
2019-12-02T01:27:26.000Z,36.3660326070004,127.36132860242157,37.75642470902039,16.0,320.8185,1.2479244,23,gps,1.5,4.0,4.2,,,,,20,
2019-12-02T01:27:32.000Z,36.36603260688232,127.36132860200806,0.0,11.0,,0.0,16,gps,3.2,2.9,4.3,,,,,20,
2019-12-02T01:27:42.000Z,36.36603260688232,127.36132860200806,0.0,11.0,,0.0,6,gps,100.0,100.0,100.0,,,,,20,
2019-12-02T01:27:52.000Z,36.36603260688232,127.36132860200806,0.0,11.0,,0.0,7,gps,100.0,100.0,100.0,,,,,20,
2019-12-02T01:28:02.000Z,36.36603260688232,127.36132860200806,0.0,11.0,,0.0,7,gps,100.0,100.0,100.0,,,,,20,
2019-12-02T01:28:11.000Z,36.365546883348195,127.36242273294448,58.24277217127383,20.0,22.409107,0.4679768,17,gps,0.8,1.3,1.6,,,,,20,
2019-12-02T01:28:12.000Z,36.36552393520721,127.36245135799939,57.98935528937727,20.0,257.84714,0.41745377,20,gps,0.8,1.4,1.6,,,,,20,
2019-12-02T01:28:13.000Z,36.36552140016214,127.36248464690797,71.76590753507662,20.0,302.85986,0.5381493,23,gps,0.8,1.2,1.5,,,,,20,
2019-12-02T01:28:14.000Z,36.36551757520583,127.3624841976957,81.04702090004965,20.0,276.97815,0.5051352,27,gps,0.7,1.1,1.3,,,,,20,
2019-12-02T01:28:15.000Z,36.36553403223171,127.36246137278853,81.66596656330695,20.0,213.18,0.47245896,27,gps,0.7,1.1,1.3,,,,,20,
2019-12-02T01:28:16.000Z,36.36554903824935,127.3624543390983,83.88096487094926,20.0,202.74956,0.5288112,28,gps,0.7,1.1,1.3,,,,,20,
2019-12-02T01:28:17.000Z,36.365559785228555,127.36244397442073,85.95900994247546,20.0,196.81697,0.6281251,28,gps,0.7,1.1,1.3,,,,,20,
2019-12-02T01:28:18.000Z,36.36559633969731,127.36240251637743,86.69023686821004,20.0,215.92772,0.76124793,28,gps,0.7,1.1,1.3,,,,,20,
2019-12-02T01:28:19.000Z,36.36561834061772,127.36236495048773,86.90514475514317,20.0,296.74316,0.88728344,28,gps,0.7,1.1,1.3,,,,,20,
2019-12-02T01:28:20.000Z,36.365626119842055,127.36233308239608,86.42598589710356,20.0,300.03485,0.9510412,28,gps,0.7,1.1,1.3,,,,,20,
2019-12-02T01:28:21.000Z,36.36563346499748,127.36230091316988,85.88482230073024,20.0,278.30774,0.9784811,28,gps,0.7,1.0,1.2,,,,,20,
2019-12-02T01:28:22.000Z,36.36561765089412,127.36227594256434,85.48365134959779,20.0,259.60886,1.0438381,28,gps,0.7,1.0,1.2,,,,,20,
2019-12-02T01:28:23.000Z,36.36559920282864,127.36227701757299,85.27037308124919,20.0,207.43315,0.67002606,28,gps,0.7,1.0,1.2,,,,,20,
2019-12-02T01:28:24.000Z,36.36558494285143,127.36226926902496,85.10874407609175,20.0,168.30754,0.8190472,29,gps,0.7,1.1,1.3,,,,,20,
2019-12-02T01:28:25.000Z,36.365577922892975,127.36225511826954,84.66116425794347,20.0,184.27687,0.8215438,29,gps,0.7,1.0,1.2,,,,,20,
2019-12-02T01:28:26.000Z,36.365566375339775,127.36224250249592,84.59412883579935,20.0,184.74004,0.87862664,29,gps,0.7,1.0,1.2,,,,,20,
2019-12-02T01:28:27.000Z,36.365559484335826,127.362230674016,84.0491620870267,20.0,189.12885,0.9231849,29,gps,0.7,1.0,1.2,,,,,20,
2019-12-02T01:28:28.000Z,36.365553805772734,127.3622192208248,83.46487064740703,20.0,181.91595,0.61471766,29,gps,0.7,1.0,1.2,,,,,20,
2019-12-02T01:28:29.000Z,36.36555308805491,127.36221153508794,82.85883162822907,20.0,166.35121,0.38647673,29,gps,0.7,1.0,1.2,,,,,20,
2019-12-02T01:28:30.000Z,36.36555357954713,127.36220969113091,82.0773002947736,20.0,129.63077,0.5724471,29,gps,0.7,1.0,1.2,,,,,20,
2019-12-02T01:28:31.000Z,36.365552886626155,127.3622151876842,81.42010202592934,20.0,86.95614,0.8377179,29,gps,0.7,1.0,1.2,,,,,20,
2019-12-02T01:28:32.000Z,36.36555309287003,127.36222142024744,80.79422240095347,20.0,83.358444,0.8681824,30,gps,0.7,1.0,1.2,,,,,20,
2019-12-02T01:28:33.000Z,36.36555609243668,127.36222359877749,80.1747138570749,20.0,87.99169,0.8251604,30,gps,0.7,1.1,1.3,,,,,20,
2019-12-02T01:28:34.000Z,36.365557837702625,127.3622261378792,79.40618195762659,17.0,90.12128,0.6498047,30,gps,0.7,1.0,1.3,,,,,20,
2019-12-02T01:28:35.000Z,36.36555823438427,127.36222873108686,78.65337912685648,15.0,106.9229,0.6140842,30,gps,0.7,1.1,1.3,,,,,20,
2019-12-02T01:28:36.000Z,36.36555950805867,127.36222836429066,78.02389620404355,14.0,100.87189,0.43647662,30,gps,0.7,1.1,1.3,,,,,20,
2019-12-02T01:28:37.000Z,36.365557765324965,127.36223113517309,77.31202248243429,12.0,103.167725,0.481083,30,gps,0.7,1.1,1.3,,,,,20,
2019-12-02T01:28:38.000Z,36.36556050001338,127.36223122419042,76.19013013060692,11.0,99.19046,0.41912496,30,gps,0.7,,,,,,,20,
2019-12-02T01:28:39.000Z,36.365562035611134,127.36222792724692,75.07441599140861,10.0,100.63797,0.3559323,31,gps,0.7,1.0,1.2,,,,,20,
2019-12-02T01:28:40.000Z,36.365560765993784,127.36222684890987,73.9071179870664,10.0,101.79178,0.25126696,31,gps,0.8,1.2,1.5,,,,,20,
2019-12-02T01:28:41.000Z,36.36555731501176,127.36222367825341,73.07157076439462,10.0,104.07849,0.23061095,30,gps,0.8,1.2,1.5,,,,,20,
2019-12-02T01:28:42.000Z,36.36555214689227,127.36221730805516,72.53771643323766,10.0,88.96438,0.31148186,30,gps,0.8,1.2,1.5,,,,,20,
2019-12-02T01:28:43.000Z,36.365551461234375,127.36221105096205,71.96092683485459,11.0,80.08009,0.31356946,30,gps,0.8,1.3,1.5,,,,,20,
2019-12-02T01:28:44.000Z,36.36555264227465,127.36221002630282,71.73403453572672,12.0,80.27148,0.32212943,29,gps,0.8,1.2,1.5,,,,,20,
2019-12-02T01:28:45.000Z,36.365553834566114,127.36220579759485,71.63898629481096,14.0,87.21033,0.22805479,28,gps,0.9,1.2,1.5,,,,,20,
2019-12-02T01:28:46.000Z,36.3655546357527,127.36220597326215,71.63794544466079,16.0,162.64503,0.49745286,28,gps,0.8,1.2,1.4,,,,,20,
2019-12-02T01:28:47.000Z,36.36555158618846,127.36220712926105,71.6282408445271,18.0,147.071,0.6931689,28,gps,0.8,1.2,1.5,,,,,20,
2019-12-02T01:28:48.000Z,36.36554694108189,127.3622107993575,71.59092555405215,17.0,146.98535,0.8029142,26,gps,0.8,1.2,1.4,,,,,20,
2019-12-02T01:28:49.000Z,36.365541215510596,127.36221545952534,71.59193953954119,17.0,146.92896,0.72316986,25,gps,1.0,1.5,1.8,,,,,20,
2019-12-02T01:28:50.000Z,36.365544028636435,127.36221601757758,71.5905033001934,18.0,146.93399,0.68585575,25,gps,1.4,2.7,3.0,,,,,20,
2019-12-02T01:28:56.000Z,36.365544028518364,127.36221601716407,0.0,13.0,,0.0,17,gps,100.0,100.0,100.0,,,,,20,
2019-12-02T01:29:06.000Z,36.365544028518364,127.36221601716407,0.0,13.0,,0.0,5,gps,100.0,100.0,100.0,,,,,19,
2019-12-02T01:29:11.000Z,36.36553817740875,127.36280366061953,58.036800283938646,20.0,300.1552,0.55398846,17,gps,0.9,1.3,1.5,,,,,19,
2019-12-02T01:29:12.000Z,36.3654558331324,127.36282325992937,71.23456129389837,20.0,10.019196,1.0758363,17,gps,0.9,1.3,1.6,,,,,19,
2019-12-02T01:29:13.000Z,36.365459536716514,127.36285637954231,71.01681001109671,20.0,20.36978,1.0911697,17,gps,0.9,1.3,1.6,,,,,19,
2019-12-02T01:29:14.000Z,36.36543335360802,127.36286417738552,70.83761381957427,20.0,28.672203,1.0741853,17,gps,0.9,1.3,1.6,,,,,19,
2019-12-02T01:29:15.000Z,36.36543335360802,127.36286417738552,70.28207163681813,4.0,44.28737,0.98136735,23,gps,0.9,1.3,1.6,,,,,19,
2019-12-02T01:29:16.000Z,36.36543216130209,127.36287965562953,69.9649633049164,20.0,68.72098,0.95830464,23,gps,0.9,1.2,1.5,,,,,19,
2019-12-02T01:29:17.000Z,36.36543782532263,127.36288113624707,68.01366974978082,4.0,72.94936,0.77214444,25,gps,0.8,1.1,1.4,,,,,19,
2019-12-02T01:29:18.000Z,36.36543782532263,127.36288113624707,66.41880744955948,4.0,74.64379,0.92174023,25,gps,0.8,1.1,1.3,,,,,19,
2019-12-02T01:29:19.000Z,36.36544600448446,127.36288327434224,65.0193653184498,20.0,81.17201,1.2266505,25,gps,0.8,1.1,1.4,,,,,19,
2019-12-02T01:29:20.000Z,36.36543440563165,127.36291344427295,64.67876369022483,20.0,92.97098,1.0459168,25,gps,0.7,1.1,1.3,,,,,19,
2019-12-02T01:29:21.000Z,36.36543990394718,127.36291488157339,65.37521295636815,20.0,97.80533,0.8168436,25,gps,0.8,1.1,1.3,,,,,19,
2019-12-02T01:29:22.000Z,36.36546181296251,127.36290547187102,66.69700386492346,20.0,90.44562,0.86180985,25,gps,0.7,1.1,1.3,,,,,19,
2019-12-02T01:29:23.000Z,36.365483781485764,127.3628908544272,66.72856010737556,20.0,77.36535,0.8943314,25,gps,0.8,1.1,1.4,,,,,19,
2019-12-02T01:29:24.000Z,36.36549693897944,127.36288491064157,66.97636631044747,20.0,76.91209,0.917812,25,gps,0.8,1.1,1.4,,,,,19,
2019-12-02T01:29:25.000Z,36.3655135627427,127.36287760347025,68.094272760673,20.0,73.64723,0.7132734,25,gps,0.8,1.1,1.3,,,,,19,
2019-12-02T01:29:26.000Z,36.36551638151614,127.36288602037015,69.07792583904536,4.0,71.31056,0.5201739,25,gps,0.8,1.1,1.3,,,,,19,
2019-12-02T01:29:27.000Z,36.36552244536888,127.36288261364876,69.49245491633806,4.0,71.37298,0.44885337,25,gps,0.8,1.1,1.3,,,,,19,
